<?xml version="1.0" encoding="UTF-8"?>
<project-private xmlns="http://www.netbeans.org/ns/project-private/1">
    <editor-bookmarks xmlns="http://www.netbeans.org/ns/editor-bookmarks/2" lastBookmarkId="0"/>
    <open-files xmlns="http://www.netbeans.org/ns/projectui-open-files/2">
        <group>
            <file>file:/D:/BUET/3-1/FINAL2/src/final2/FINAL2.java</file>
            <file>file:/D:/BUET/3-1/FINAL2/src/final2/DBConnect.java</file>
        </group>
    </open-files>
</project-private>
